procedure|error_message_full|type|static_mask
"application_data.create_future_partitions"|"'Skipping table ' || table_rec.table_name || ': No suitable range column (day_id/target_date_iso) found.'"|"variable"|"Skipping table ****: No suitable range column (day_id/target_date_iso) found."
"application_data.create_future_partitions"|"format( 'ERROR creating partition for table ""%s"", plant_id %s, month %s-%s: %s', table_rec.table_name, plant.plant_id::TEXT, target_year::TEXT, target_month::TEXT, SQLERRM )"|"variable"|"ERROR creating partition for table ""****"", plant_id ****, month ****-****: ****"
"application_data.populate_ft_oee"|"RAISE EXCEPTION 'User ID and Fullname cannot be NULL.'"|"static"|"User ID and Fullname cannot be NULL."
"application_data.populate_ft_oee"|"RAISE EXCEPTION 'Both p_date_min and p_date_max are NULL in manual mode.'"|"static"|"Both p_date_min and p_date_max are NULL in manual mode."
"application_data.populate_ft_oee"|"'create_plant_partition(ft_oee_shift) failed for plant_id=' || v_plant_rec.plant_id::TEXT || ': ' || SQLERRM"|"variable"|"create_plant_partition(ft_oee_shift) failed for plant_id=****: ****"
"application_data.populate_ft_oee"|"'create_plant_partition(ft_oee) failed for plant_id=' || v_plant_rec.plant_id::TEXT || ': ' || SQLERRM"|"variable"|"create_plant_partition(ft_oee) failed for plant_id=****: ****"
"application_data.populate_ft_oee"|"'create_plant_partition(ft_kpi_target) failed for plant_id=' || v_plant_rec.plant_id::TEXT || ': ' || SQLERRM"|"variable"|"create_plant_partition(ft_kpi_target) failed for plant_id=****: ****"
"application_data.populate_ft_oee"|"'create_monthly_partition(ft_oee_shift) failed for plant_id=' || v_plant_rec.plant_id::TEXT || ', ' || v_year::TEXT || '-' || lpad(v_month::TEXT, 2, '0') || ': ' || SQLERRM"|"variable"|"create_monthly_partition(ft_oee_shift) failed for plant_id=****, ****-****: ****"
"application_data.populate_ft_oee"|"'create_monthly_partition(ft_oee) failed for plant_id=' || v_plant_rec.plant_id::TEXT || ', ' || v_year::TEXT || '-' || lpad(v_month::TEXT, 2, '0') || ': ' || SQLERRM"|"variable"|"create_monthly_partition(ft_oee) failed for plant_id=****, ****-****: ****"
"application_data.populate_ft_oee"|"'create_monthly_partition(ft_kpi_target) failed for plant_id=' || v_plant_rec.plant_id::TEXT || ', ' || v_year::TEXT || '-' || lpad(v_month::TEXT, 2, '0') || ': ' || SQLERRM"|"variable"|"create_monthly_partition(ft_kpi_target) failed for plant_id=****, ****-****: ****"
"application_data.populate_ft_oee"|"'ERROR: ' || SQLERRM || ', SQLSTATE=' || SQLSTATE || ', step=' || lp_step::TEXT"|"variable"|"ERROR: ****, SQLSTATE=****, step=****"
"application_data.populate_ft_oee"|"RAISE EXCEPTION 'Partition already exists: %', full_table_name USING ERRCODE = '42P07'"|"variable"|"Partition already exists: ****"
"application_data.populate_ft_oee"|"RAISE EXCEPTION 'LIST partition already exists: table ""%"", plant_id %, column ""%""', p_table_name, p_plant_id, p_range_column USING ERRCODE = 'P0001'"|"variable"|"LIST partition already exists: table ""****"", plant_id ****, column ""****"""
"application_data.manage_ft_kpi_target"|"'ERROR: User ID and Fullname cannot be NULL.'"|"static"|"ERROR: User ID and Fullname cannot be NULL."
"application_data.manage_ft_kpi_target"|"'ERROR: Invalid operation_type.'"|"static"|"ERROR: Invalid operation_type."
"application_data.manage_ft_kpi_target"|"'ERROR: ' || SQLERRM || ', SQLSTATE: ' || SQLSTATE"|"variable"|"ERROR: ****, SQLSTATE: ****"
"application_data.manage_ft_safety_cross"|"RAISE EXCEPTION 'User ID and Fullname cannot be NULL'"|"static"|"User ID and Fullname cannot be NULL"
"application_data.manage_ft_safety_cross"|"'❌ Partition creation failed: ' || v_partition_name || ' — ' || SQLERRM"|"variable"|"❌ Partition creation failed: **** — ****"
"application_data.manage_ft_safety_cross"|"RAISE EXCEPTION 'Missing mandatory fields for INSERT'"|"static"|"Missing mandatory fields for INSERT"
"application_data.manage_ft_safety_cross"|"RAISE EXCEPTION 'Invalid operation_type: %', operation_type"|"variable"|"Invalid operation_type: ****"
"application_data.manage_ft_safety_cross"|"'❌ ERROR: ' || SQLERRM || ', SQLSTATE: ' || SQLSTATE || ', STEP=' || lp_step"|"variable"|"❌ ERROR: ****, SQLSTATE: ****, STEP=****"
"application_data.manage_lk_action"|"RAISE EXCEPTION 'Mandatory fields are missing!'"|"static"|"Mandatory fields are missing!"
"application_data.manage_lk_action"|"RAISE EXCEPTION 'Invalid operation type: %', p_operation_type"|"variable"|"Invalid operation type: ****"
"application_data.manage_lk_action"|"'ERROR at step ' || lp_step::TEXT || ' ERROR: ' || SQLERRM || ', SQLSTATE: ' || SQLSTATE"|"variable"|"ERROR at step **** ERROR: ****, SQLSTATE: ****"
"application_data.manage_lk_action_files"|"RAISE EXCEPTION 'Invalid action. Use INSERT or DELETE'"|"static"|"Invalid action. Use INSERT or DELETE"
"application_data.manage_lk_action_files"|"'ERROR: ' || SQLERRM || ', SQLSTATE: ' || SQLSTATE || ', ' || 'Step: ' || lp_step::text || ', ' || 'Input: [operation_type: ' || COALESCE(p_operation_type, 'NULL') || ', ' || ', plant_id: ' || COALESCE(p_plant_id::TEXT, 'NULL') || ', file_id: ' || COALESCE(p_file_id::TEXT, 'NULL') || ', file_name: ' || COALESCE(p_file_name, 'NULL') || ', file_size: ' || COALESCE(p_file_size, 'NULL') || ', mimeType: ' || COALESCE(p_mimetype, 'NULL') || ', relativeUrl: ' || COALESCE(p_relativeurl, 'NULL') || ', action_id: ' || COALESCE(p_action_id::TEXT, 'NULL') || ', is_deleted: ' || COALESCE(p_is_deleted::TEXT, 'NULL') || ', user_id: ' || COALESCE(p_user_id::TEXT, 'NULL') || ', user_fullname: ' || COALESCE(p_user_fullname, 'NULL') || ']'"|"variable"|"ERROR: ****, SQLSTATE: ****, Step: ****, Input: [operation_type: ****, , plant_id: ****, file_id: ****, file_name: ****, file_size: ****, mimeType: ****, relativeUrl: ****, action_id: ****, is_deleted: ****, user_id: ****, user_fullname: ****]"
"application_data.manage_lk_attendance_role"|"'ERROR: User ID and Fullname cannot be NULL.'"|"static"|"ERROR: User ID and Fullname cannot be NULL."
"application_data.manage_lk_attendance_role"|"'ERROR: Required fields (attendance_role_code, attendance_role_ds, plant_id) cannot be NULL for insertion.'"|"static"|"ERROR: Required fields (attendance_role_code, attendance_role_ds, plant_id) cannot be NULL for insertion."
"application_data.manage_lk_attendance_role"|"RAISE EXCEPTION 'ERROR: The record is not editable (is_modify = FALSE).'"|"static"|"ERROR: The record is not editable (is_modify = FALSE)."
"application_data.manage_lk_attendance_role"|"RAISE EXCEPTION 'ERROR: The record is not modifiable (is_modify = FALSE).'"|"static"|"ERROR: The record is not modifiable (is_modify = FALSE)."
"application_data.manage_lk_attendance_role"|"'ERROR: Invalid operation_type.'"|"static"|"ERROR: Invalid operation_type."
"application_data.manage_lk_attendance_role"|"'ERROR: ' || SQLERRM || ', SQLSTATE: ' || SQLSTATE || ', lp_step: ' || lp_step::TEXT"|"variable"|"ERROR: ****, SQLSTATE: ****, lp_step: ****"
"application_data.manage_lk_component"|"'ERROR: User ID and Fullname cannot be NULL.'"|"static"|"ERROR: User ID and Fullname cannot be NULL."
"application_data.manage_lk_component"|"'ERROR: Required values cannot be NULL for insertion.'"|"static"|"ERROR: Required values cannot be NULL for insertion."
"application_data.manage_lk_component"|"'ERROR: Component ID , Plant ID , Machine Id cannot be NULL for update.'"|"static"|"ERROR: Component ID , Plant ID , Machine Id cannot be NULL for update."
"application_data.manage_lk_component"|"'ERROR: Component ID and Plant ID cannot be NULL for deletion.'"|"static"|"ERROR: Component ID and Plant ID cannot be NULL for deletion."
"application_data.manage_lk_component"|"RAISE EXCEPTION 'ERROR: Invalid operation type. Allowed values: I (Insert), U (Update), LD (Logical Delete), D (Delete).'"|"static"|"ERROR: Invalid operation type. Allowed values: I (Insert), U (Update), LD (Logical Delete), D (Delete)."
"application_data.manage_lk_component"|"'ERROR: ' || SQLERRM || ', SQLSTATE: ' || SQLSTATE || ', Step: ' || lp_step::TEXT"|"variable"|"ERROR: ****, SQLSTATE: ****, Step: ****"
"application_data.manage_lk_department"|"'ERROR: User ID and Fullname cannot be NULL.'"|"static"|"ERROR: User ID and Fullname cannot be NULL."
"application_data.manage_lk_department"|"'ERROR: Required fields (department_code, department_ds, plant_id) cannot be NULL for insertion.'"|"static"|"ERROR: Required fields (department_code, department_ds, plant_id) cannot be NULL for insertion."
"application_data.manage_lk_department"|"RAISE EXCEPTION 'ERROR: The record is not modifiable (is_modify = FALSE).'"|"static"|"ERROR: The record is not modifiable (is_modify = FALSE)."
"application_data.manage_lk_department"|"'ERROR: Invalid operation_type.'"|"static"|"ERROR: Invalid operation_type."
"application_data.manage_lk_department"|"'ERROR: ' || SQLERRM || ', SQLSTATE: ' || SQLSTATE || ', lp_step: ' || lp_step::TEXT"|"variable"|"ERROR: ****, SQLSTATE: ****, lp_step: ****"
"application_data.manage_lk_external_link"|"'ERROR: User ID and Fullname cannot be NULL.'"|"static"|"ERROR: User ID and Fullname cannot be NULL."
"application_data.manage_lk_external_link"|"'ERROR: Required fields (url_code, url_sh_ds, plant_id tier_id) cannot be NULL for insertion.'"|"static"|"ERROR: Required fields (url_code, url_sh_ds, plant_id tier_id) cannot be NULL for insertion."
"application_data.manage_lk_external_link"|"'ERROR: Invalid operation_type.'"|"static"|"ERROR: Invalid operation_type."
"application_data.manage_lk_external_link"|"'ERROR: ' || SQLERRM || ', SQLSTATE: ' || SQLSTATE || ', lp_step: ' || lp_step::TEXT"|"variable"|"ERROR: ****, SQLSTATE: ****, lp_step: ****"
"application_data.manage_lk_files"|"RAISE EXCEPTION 'Invalid action. Use INSERT or DELETE'"|"static"|"Invalid action. Use INSERT or DELETE"
"application_data.manage_lk_issue"|"RAISE EXCEPTION 'Mandatory fields are missing!'"|"static"|"Mandatory fields are missing!"
"application_data.manage_lk_issue"|"RAISE EXCEPTION 'Invalid operation_type: %, must be I, U, or D.', p_operation_type"|"variable"|"Invalid operation_type: ****, must be I, U, or D."
"application_data.manage_lk_issue"|"'ERROR at step ' || lp_step::TEXT || ' ERROR: ' || SQLERRM || ', SQLSTATE: ' || SQLSTATE"|"variable"|"ERROR at step **** ERROR: ****, SQLSTATE: ****"
"application_data.manage_lk_issue_files"|"RAISE EXCEPTION 'Invalid action. Use INSERT or DELETE'"|"static"|"Invalid action. Use INSERT or DELETE"
"application_data.manage_lk_issue_files"|"'ERROR: ' || SQLERRM || ', SQLSTATE: ' || SQLSTATE || ', ' || 'Step: ' || lp_step::text || ', ' || 'Input: [operation_type: ' || COALESCE(p_operation_type, 'NULL') || ', ' || ', plant_id: ' || COALESCE(p_plant_id::TEXT, 'NULL') || ', file_id: ' || COALESCE(p_file_id::TEXT, 'NULL') || ', file_name: ' || COALESCE(p_file_name, 'NULL') || ', file_size: ' || COALESCE(p_file_size, 'NULL') || ', mimeType: ' || COALESCE(p_mimetype, 'NULL') || ', relativeUrl: ' || COALESCE(p_relativeurl, 'NULL') || ', issue_id: ' || COALESCE(p_issue_id::TEXT, 'NULL') || ', is_deleted: ' || COALESCE(p_is_deleted::TEXT, 'NULL') || ', user_id: ' || COALESCE(p_user_id::TEXT, 'NULL') || ', user_fullname: ' || COALESCE(p_user_fullname, 'NULL') || ']'"|"variable"|"ERROR: ****, SQLSTATE: ****, Step: ****, Input: [operation_type: ****, , plant_id: ****, file_id: ****, file_name: ****, file_size: ****, mimeType: ****, relativeUrl: ****, issue_id: ****, is_deleted: ****, user_id: ****, user_fullname: ****]"
"application_data.manage_lk_kpi"|"'ERROR: User ID and Fullname cannot be NULL.'"|"static"|"ERROR: User ID and Fullname cannot be NULL."
"application_data.manage_lk_kpi"|"'ERROR: Required fields (kpi_code, plant_id, kpi_group_id, kpi_category_id, aggregation_rule_id, kpi_uom_id,target_tendency_id) cannot be NULL for insertion.'"|"static"|"ERROR: Required fields (kpi_code, plant_id, kpi_group_id, kpi_category_id, aggregation_rule_id, kpi_uom_id,target_tendency_id) cannot be NULL for insertion."
"application_data.manage_lk_kpi"|"'ERROR: Invalid operation_type.'"|"static"|"ERROR: Invalid operation_type."
"application_data.manage_lk_kpi"|"'ERROR: ' || SQLERRM || ', SQLSTATE: ' || SQLSTATE || ', lp_step: ' || lp_step::TEXT"|"variable"|"ERROR: ****, SQLSTATE: ****, lp_step: ****"
"application_data.manage_lk_kpi_category"|"'ERROR: User ID, Fullname or Plant cannot be NULL.'"|"static"|"ERROR: User ID, Fullname or Plant cannot be NULL."
"application_data.manage_lk_kpi_category"|"'ERROR: kpi_category_code, kpi_category_sort and plant_id cannot be NULL for insertion.'"|"static"|"ERROR: kpi_category_code, kpi_category_sort and plant_id cannot be NULL for insertion."
"application_data.manage_lk_kpi_category"|"'ERROR: Invalid operation_type.'"|"static"|"ERROR: Invalid operation_type."
"application_data.manage_lk_kpi_category"|"'ERROR: ' || SQLERRM || ', SQLSTATE: ' || SQLSTATE || ', lp_step: ' || lp_step::TEXT"|"variable"|"ERROR: ****, SQLSTATE: ****, lp_step: ****"
"application_data.manage_lk_kpi_group"|"'ERROR: User ID and Fullname cannot be NULL.'"|"static"|"ERROR: User ID and Fullname cannot be NULL."
"application_data.manage_lk_kpi_group"|"'ERROR: kpi_group_code, kpi_group_ds, kpi_group_sort, plant_id, and kpi_category_id cannot be NULL for insertion.'"|"static"|"ERROR: kpi_group_code, kpi_group_ds, kpi_group_sort, plant_id, and kpi_category_id cannot be NULL for insertion."
"application_data.manage_lk_kpi_group"|"'ERROR: Invalid operation_type.'"|"static"|"ERROR: Invalid operation_type."
"application_data.manage_lk_kpi_group"|"'ERROR: ' || SQLERRM || ', SQLSTATE: ' || SQLSTATE || ', lp_step: ' || lp_step::TEXT"|"variable"|"ERROR: ****, SQLSTATE: ****, lp_step: ****"
"application_data.manage_lk_line"|"'ERROR LAST USER FULLNAME AND ID CANNOT BE NULL.'"|"static"|"ERROR LAST USER FULLNAME AND ID CANNOT BE NULL."
"application_data.manage_lk_line"|"RAISE EXCEPTION 'ERROR IS_EDITABLE CANNOT BE FALSE'"|"static"|"ERROR IS_EDITABLE CANNOT BE FALSE"
"application_data.manage_lk_line"|"RAISE EXCEPTION 'ERROR INVALID OPERATION_TYPE'"|"static"|"ERROR INVALID OPERATION_TYPE"
"application_data.manage_lk_line"|"'ERROR: ' || SQLERRM || ', SQLSTATE: ' || SQLSTATE || ', ' || 'lp_step: ' || lp_step::text || ', ' || 'Input: [operation_type: ' || COALESCE(operation_type, 'NULL') || ', ' || 'p_line_id: ' || COALESCE(p_line_id::text, 'NULL') || ', ' || 'p_line_code: ' || COALESCE(p_line_code, 'NULL') || ', ' || 'p_line_code_erp: ' || COALESCE(p_line_code_erp, 'NULL') || ', ' || 'p_process_key: ' || COALESCE(p_process_key, 'NULL') || ', ' || 'p_line_ds: ' || COALESCE(p_line_ds, 'NULL') || ', ' || 'V_image_ref: ' || COALESCE(V_image_ref, 'NULL') || ', ' || 'p_user_id: ' || COALESCE(p_user_id::text, 'NULL') || ', ' || 'p_user_fullname: ' || COALESCE(p_user_fullname, 'NULL') || ', ' || 'p_is_active: ' || COALESCE(p_is_active::text, 'NULL') || ', ' || 'p_module_id: ' || COALESCE(p_module_id::text, 'NULL') || ', ' || ']'"|"variable"|"ERROR: ****, SQLSTATE: ****, lp_step: ****, Input: [operation_type: ****, p_line_id: ****, p_line_code: ****, p_line_code_erp: ****, p_process_key: ****, p_line_ds: ****, V_image_ref: ****, p_user_id: ****, p_user_fullname: ****, p_is_active: ****, p_module_id: ****, ]"
"application_data.manage_lk_machine"|"'ERROR: User ID and Fullname cannot be NULL.'"|"static"|"ERROR: User ID and Fullname cannot be NULL."
"application_data.manage_lk_machine"|"'ERROR: Required values cannot be NULL for insertion.'"|"static"|"ERROR: Required values cannot be NULL for insertion."
"application_data.manage_lk_machine"|"RAISE EXCEPTION 'ERROR: Plant timezone not found for plant_id %', p_plant_id; END IF; SELECT CURRENT_TIMESTAMP AT TIME ZONE lp_plant_timezone INTO lp_start_date_local; SELECT CURRENT_TIMESTAMP AT TIME ZONE 'UTC' INTO lp_start_date_utc; SELECT TO_CHAR(lp_start_date_local, 'YYYYMMDD')::NUMERIC(8) INTO lp_start_date_id; INSERT INTO application_data.lk_machine_target ( machine_id, line_id, plant_id, target_value, start_date_local, start_date_utc, start_date_id, end_date_local,end_date_utc, end_date_id, creation_ts, creator_user, last_modified, last_user, is_active ) VALUES ( lp_new_machine_id, p_line_id, p_plant_id, 0.0, lp_start_date_local, lp_start_date_utc, lp_start_date_id, NULL, NULL, NULL, timezone('UTC', current_timestamp), lp_last_user, timezone('UTC', current_timestamp), lp_last_user, false ); */ WHEN 'U' THEN lp_step := 2; SELECT line_id INTO v_line_id FROM application_data.lk_machine WHERE machine_id = p_machine_id AND plant_id = p_plant_id; lp_step := 2.1; IF p_machine_id IS NULL OR p_plant_id IS NULL THEN lp_err_msg := 'ERROR: Machine ID and Plant ID cannot be NULL for update.'; RAISE EXCEPTION '%', lp_err_msg; END IF; UPDATE application_data.lk_machine SET machine_code = COALESCE(p_machine_code, machine_code), machine_ds = COALESCE(p_machine_ds, machine_ds), machine_sort = COALESCE(p_machine_sort, machine_sort), line_id = COALESCE(p_line_id, line_id), is_active = COALESCE(p_is_active, is_active), fpy_active = COALESCE(p_fpy_active, fpy_active), last_user = lp_last_user, last_modified = timezone('UTC', current_timestamp) WHERE machine_id = p_machine_id AND plant_id = p_plant_id; lp_step := 2.2; IF p_line_id <> v_line_id THEN i := 2; OPEN cur_component; LOOP FETCH cur_component INTO v_component_id; EXIT WHEN NOT FOUND; i := i + 1; lp_step := ('2.' || i)::NUMERIC; CALL application_data.manage_lk_component( 'U', v_component_id, NULL, NULL, p_plant_id, p_line_id, p_machine_id, NULL, p_user_id, p_user_fullname ); RAISE NOTICE 'Processing component_id: %', v_component_id; END LOOP; END IF; WHEN 'LD' THEN lp_step := 3; UPDATE application_data.lk_machine SET machine_code = machine_code||'***'||machine_id||'***', is_deleted = TRUE, is_active = FALSE, last_user = lp_last_user, last_modified = timezone('UTC', current_timestamp) WHERE machine_id = p_machine_id AND plant_id = p_plant_id; WHEN 'D' THEN lp_step := 4; DELETE FROM application_data.lk_machine WHERE machine_id = p_machine_id AND plant_id = p_plant_id; ELSE RAISE EXCEPTION 'ERROR: Invalid operation type. Allowed values: I (Insert), U (Update), LD (Logical Delete), D (Delete).'; END CASE; EXCEPTION WHEN OTHERS THEN lp_err_msg := 'ERROR: ' || SQLERRM || ', SQLSTATE: ' || SQLSTATE || ', Step: ' || lp_step::TEXT; INSERT INTO application_data.log_error ( error_timestamp, error_src, error_msg, error_caller ) VALUES ( timezone('UTC', current_timestamp), lp_procedure_name, lp_err_msg, lp_last_user ); RAISE; END; $procedure$ ;"|"variable"|"****, SQLSTATE: ****, Step: ****"
"application_data.manage_lk_machine_target"|"'ERROR: User ID and Fullname cannot be NULL.'"|"static"|"ERROR: User ID and Fullname cannot be NULL."
"application_data.manage_lk_machine_target"|"'ERROR: Machine ID, Plant ID, Line ID and Target Value cannot be NULL.'"|"static"|"ERROR: Machine ID, Plant ID, Line ID and Target Value cannot be NULL."
"application_data.manage_lk_machine_target"|"RAISE EXCEPTION 'ERROR: Plant timezone not found for plant_id %', p_plant_id"|"variable"|"ERROR: Plant timezone not found for plant_id ****"
"application_data.manage_lk_machine_target"|"RAISE EXCEPTION 'IT IS NOT POSSIBLE TO ENTER A NEW TARGET. THERE IS ALREADY A NEW TARGET THAT WILL BE ACTIVATED SOON. PLEASE CHECK THE TARGET YOU ARE SETTING '"|"static"|"IT IS NOT POSSIBLE TO ENTER A NEW TARGET. THERE IS ALREADY A NEW TARGET THAT WILL BE ACTIVATED SOON. PLEASE CHECK THE TARGET YOU ARE SETTING"
"application_data.manage_lk_machine_target"|"RAISE EXCEPTION 'ERROR: Invalid operation type. Allowed values: I (Insert), U (Update), D (Delete), LD (Logical Delete).'"|"static"|"ERROR: Invalid operation type. Allowed values: I (Insert), U (Update), D (Delete), LD (Logical Delete)."
"application_data.manage_lk_machine_target"|"'ERROR: ' || SQLERRM || ', SQLSTATE: ' || SQLSTATE || ', Step: ' || lp_step::TEXT"|"variable"|"ERROR: ****, SQLSTATE: ****, Step: ****"
"application_data.manage_lk_module"|"'ERROR LAST USER FULLNAME AND ID CANNOT BE NULL.'"|"static"|"ERROR LAST USER FULLNAME AND ID CANNOT BE NULL."
"application_data.manage_lk_module"|"RAISE EXCEPTION 'ERROR VALUES CANNOT BE NULL TO INSERT A NEW MODULE'"|"static"|"ERROR VALUES CANNOT BE NULL TO INSERT A NEW MODULE"
"application_data.manage_lk_module"|"RAISE EXCEPTION 'ERROR IS_EDITABLE CANNOT BE FALSE'"|"static"|"ERROR IS_EDITABLE CANNOT BE FALSE"
"application_data.manage_lk_module"|"RAISE EXCEPTION 'ERROR INVALID OPERATION_TYPE'"|"static"|"ERROR INVALID OPERATION_TYPE"
"application_data.manage_lk_module"|"'ERROR: ' || SQLERRM || ', SQLSTATE: ' || SQLSTATE || ', ' || 'Step: ' || step::text || ', ' || 'Input: [operation_type: ' || COALESCE(operation_type, 'NULL') || ', ' || 'p_module_id: ' || COALESCE(p_module_id::text, 'NULL') || ', ' || 'p_module_code: ' || COALESCE(p_module_code, 'NULL') || ', ' || 'p_module_ds: ' || COALESCE(p_module_ds, 'NULL') || ', ' || 'p_creator_user: ' || COALESCE(p_creator_user, 'NULL') || ', ' || 'p_user_id: ' || COALESCE(p_user_id::text, 'NULL') || ', ' || 'p_user_fullname: ' || COALESCE(p_user_fullname, 'NULL') || ', ' || 'p_is_active: ' || COALESCE(p_is_active::text, 'NULL') || ', ' || 'p_plant_id: ' || COALESCE(p_plant_id::text, 'NULL') || ', ' || ']'"|"variable"|"ERROR: ****, SQLSTATE: ****, Step: ****, Input: [operation_type: ****, p_module_id: ****, p_module_code: ****, p_module_ds: ****, p_creator_user: ****, p_user_id: ****, p_user_fullname: ****, p_is_active: ****, p_plant_id: ****, ]"
"application_data.manage_lk_plant"|"'ERROR LAST USER FULLNAME AND ID CANNOT BE NULL.'"|"static"|"ERROR LAST USER FULLNAME AND ID CANNOT BE NULL."
"application_data.manage_lk_plant"|"RAISE EXCEPTION 'ERROR VALUES CANNOT BE NULL TO INSERT A NEW PLANT'"|"static"|"ERROR VALUES CANNOT BE NULL TO INSERT A NEW PLANT"
"application_data.manage_lk_plant"|"'CRITICAL ERROR during setup_new_plant_partitions: ' || SQLERRM"|"variable"|"CRITICAL ERROR during setup_new_plant_partitions: ****"
"application_data.manage_lk_plant"|"RAISE EXCEPTION 'ERROR IS_EDITABLE CANNOT BE FALSE'"|"static"|"ERROR IS_EDITABLE CANNOT BE FALSE"
"application_data.manage_lk_plant"|"RAISE EXCEPTION 'ERROR INVALID OPERATION_TYPE'"|"static"|"ERROR INVALID OPERATION_TYPE"
"application_data.manage_lk_plant"|"'ERROR: ' || SQLERRM || ', SQLSTATE: ' || SQLSTATE || ', ' || 'Step: ' || step::text || ', ' || 'Input: [operation_type: ' || COALESCE(operation_type, 'NULL') || ', ' || 'p_plant_id: ' || COALESCE(p_plant_id::text, 'NULL') || ', ' || 'p_plant_code: ' || COALESCE(p_plant_code, 'NULL') || ', ' || 'p_plant_ds: ' || COALESCE(p_plant_ds, 'NULL') || ', ' || 'p_user_id: ' || COALESCE(p_user_id::text, 'NULL') || ', ' || 'p_user_fullname: ' || COALESCE(p_user_fullname, 'NULL') || ', ' || 'p_is_active: ' || COALESCE(p_is_active::text, 'NULL') || ', ' || 'p_plant_timezone: ' || COALESCE(p_plant_timezone, 'NULL') || ', ' || 'p_latitude: ' || COALESCE(p_latitude::text, 'NULL') || ', ' || 'p_longitude: ' || COALESCE(p_longitude::text, 'NULL') || ', ' || 'p_organization_id: ' || COALESCE(p_organization_id::text, 'NULL') || ', ' || 'p_is_active: ' || COALESCE(p_is_active::text, 'NULL') || ']'"|"variable"|"ERROR: ****, SQLSTATE: ****, Step: ****, Input: [operation_type: ****, p_plant_id: ****, p_plant_code: ****, p_plant_ds: ****, p_user_id: ****, p_user_fullname: ****, p_is_active: ****, p_plant_timezone: ****, p_latitude: ****, p_longitude: ****, p_organization_id: ****, p_is_active: ****]"
"application_data.manage_lk_threshold"|"'ERROR: User ID and Fullname cannot be NULL.'"|"static"|"ERROR: User ID and Fullname cannot be NULL."
"application_data.manage_lk_threshold"|"'ERROR: Plant ID cannot be NULL.'"|"static"|"ERROR: Plant ID cannot be NULL."
"application_data.manage_lk_threshold"|"'ERROR: Line ID cannot be NULL.'"|"static"|"ERROR: Line ID cannot be NULL."
"application_data.manage_lk_threshold"|"'ERROR: KPI ID cannot be NULL.'"|"static"|"ERROR: KPI ID cannot be NULL."
"application_data.manage_lk_threshold"|"'ERROR: Plant timezone not found for plant_id ' || p_plant_id::text || '.'"|"variable"|"ERROR: Plant timezone not found for plant_id ****."
"application_data.manage_lk_threshold"|"'Invalid p_start_date_local: ' || COALESCE(p_start_date_local, '')"|"variable"|"Invalid p_start_date_local: ****"
"application_data.manage_lk_threshold"|"'Invalid p_end_date_local: ' || COALESCE(p_end_date_local, '')"|"variable"|"Invalid p_end_date_local: ****"
"application_data.manage_lk_threshold"|"'ERROR: threshold_value cannot be NULL for insertion.'"|"static"|"ERROR: threshold_value cannot be NULL for insertion."
"application_data.manage_lk_threshold"|"'ERROR: end_date_local must be greater than start_date_local.'"|"static"|"ERROR: end_date_local must be greater than start_date_local."
"application_data.manage_lk_threshold"|"'ERROR: Start date not allowed. There is already a record with start date ' || to_char(lp_min_start_date, 'YYYY-MM-DD') || '. It is not permitted to insert intervals with a start date earlier than the minimum existing start date for this line.'"|"variable"|"ERROR: Start date not allowed. There is already a record with start date ****. It is not permitted to insert intervals with a start date earlier than the minimum existing start date for this line."
"application_data.manage_lk_threshold"|"'ERROR: Cannot insert a new threshold starting at ' || lp_start_date_local::text || '. There is already an open record starting at ' || lp_current_start_date::text || '.'"|"variable"|"ERROR: Cannot insert a new threshold starting at ****. There is already an open record starting at ****."
"application_data.manage_lk_threshold"|"'ERROR: threshold_id cannot be NULL for update.'"|"static"|"ERROR: threshold_id cannot be NULL for update."
"application_data.manage_lk_threshold"|"'ERROR: End date must be strictly before the start of the next record (starting at ' || lp_next_start_date::text || '). It cannot equal or exceed that time.'"|"variable"|"ERROR: End date must be strictly before the start of the next record (starting at ****). It cannot equal or exceed that time."
"application_data.manage_lk_threshold"|"'ERROR: threshold_id cannot be NULL for logical delete.'"|"static"|"ERROR: threshold_id cannot be NULL for logical delete."
"application_data.manage_lk_threshold"|"'ERROR: threshold_id cannot be NULL for physical delete.'"|"static"|"ERROR: threshold_id cannot be NULL for physical delete."
"application_data.manage_lk_threshold"|"'ERROR: Invalid operation_type. Allowed values: I (Insert), U (Update), LD (Logical Delete), D (Physical Delete).'"|"static"|"ERROR: Invalid operation_type. Allowed values: I (Insert), U (Update), LD (Logical Delete), D (Physical Delete)."
"application_data.manage_lk_threshold"|"'ERROR: ' || SQLERRM || ', SQLSTATE: ' || SQLSTATE || ', lp_step: ' || lp_step::TEXT"|"variable"|"ERROR: ****, SQLSTATE: ****, lp_step: ****"
"application_data.manage_lk_target"|"'ERROR: User ID and Fullname cannot be NULL.'"|"static"|"ERROR: User ID and Fullname cannot be NULL."
"application_data.manage_lk_target"|"'ERROR: Plant ID cannot be NULL.'"|"static"|"ERROR: Plant ID cannot be NULL."
"application_data.manage_lk_target"|"'ERROR: Line ID cannot be NULL.'"|"static"|"ERROR: Line ID cannot be NULL."
"application_data.manage_lk_target"|"'ERROR: KPI ID cannot be NULL.'"|"static"|"ERROR: KPI ID cannot be NULL."
"application_data.manage_lk_target"|"'ERROR: Plant timezone not found for plant_id ' || p_plant_id::text || '.'"|"variable"|"ERROR: Plant timezone not found for plant_id ****."
"application_data.manage_lk_target"|"'Invalid p_start_date_local: ' || COALESCE(p_start_date_local, '')"|"variable"|"Invalid p_start_date_local: ****"
"application_data.manage_lk_target"|"'Invalid p_end_date_local: ' || COALESCE(p_end_date_local, '')"|"variable"|"Invalid p_end_date_local: ****"
"application_data.manage_lk_target"|"'ERROR: target_value_num cannot be NULL for insert.'"|"static"|"ERROR: target_value_num cannot be NULL for insert."
"application_data.manage_lk_target"|"'ERROR: p_start_date_local cannot be NULL for insert.'"|"static"|"ERROR: p_start_date_local cannot be NULL for insert."
"application_data.manage_lk_target"|"'ERROR: end_date_local must be greater than start_date_local.'"|"static"|"ERROR: end_date_local must be greater than start_date_local."
"application_data.manage_lk_target"|"'ERROR: target_id cannot be NULL for update.'"|"static"|"ERROR: target_id cannot be NULL for update."
"application_data.manage_lk_target"|"'ERROR: target_id cannot be NULL for delete.'"|"static"|"ERROR: target_id cannot be NULL for delete."
"application_data.manage_lk_target"|"'ERROR: target_id ' || p_target_id::text || ' not found.'"|"variable"|"ERROR: target_id **** not found."
"application_data.manage_lk_target"|"'ERROR: Invalid operation_type. Use I, U or D.'"|"static"|"ERROR: Invalid operation_type. Use I, U or D."
"application_data.manage_lk_target"|"SQLERRM::varchar"|"variable"|"****"
"application_data.sync_ft_kpi_target_from_lk_target"|"SQLERRM::varchar"|"variable"|"****"
"application_data.manage_lk_safety_category"|"'ERROR: User ID and Fullname cannot be NULL.'"|"static"|"ERROR: User ID and Fullname cannot be NULL."
"application_data.manage_lk_safety_category"|"'ERROR: Required fields cannot be NULL for insertion.'"|"static"|"ERROR: Required fields cannot be NULL for insertion."
"application_data.manage_lk_safety_category"|"RAISE EXCEPTION 'ERROR: The record is not editable (is_modify = FALSE).'"|"static"|"ERROR: The record is not editable (is_modify = FALSE)."
"application_data.manage_lk_safety_category"|"'ERROR: Invalid operation_type.'"|"static"|"ERROR: Invalid operation_type."
"application_data.manage_lk_safety_category"|"'ERROR: ' || SQLERRM || ', SQLSTATE: ' || SQLSTATE || ', lp_step: ' || lp_step::TEXT"|"variable"|"ERROR: ****, SQLSTATE: ****, lp_step: ****"
"application_data.manage_lk_tier"|"'ERROR: User ID and Fullname cannot be NULL.'"|"static"|"ERROR: User ID and Fullname cannot be NULL."
"application_data.manage_lk_tier"|"'ERROR: Required fields cannot be NULL for insertion.'"|"static"|"ERROR: Required fields cannot be NULL for insertion."
"application_data.manage_lk_tier"|"RAISE EXCEPTION 'ERROR: The record is not editable (is_editable = FALSE).'"|"static"|"ERROR: The record is not editable (is_editable = FALSE)."
"application_data.manage_lk_tier"|"'ERROR: Invalid operation_type.'"|"static"|"ERROR: Invalid operation_type."
"application_data.manage_lk_tier"|"'ERROR: ' || SQLERRM || ', SQLSTATE: ' || SQLSTATE || ', lp_step: ' || lp_step::TEXT"|"variable"|"ERROR: ****, SQLSTATE: ****, lp_step: ****"
"application_data.manage_map_action_issue"|"RAISE EXCEPTION 'Mandatory fields are missing!'"|"static"|"Mandatory fields are missing!"
"application_data.manage_map_action_issue"|"RAISE EXCEPTION 'Plant ID % not found in lk_plant.', p_plant_id"|"variable"|"Plant ID **** not found in lk_plant."
"application_data.manage_map_action_issue"|"RAISE EXCEPTION 'Invalid operation_type: %, use I or D.', p_operation_type"|"variable"|"Invalid operation_type: ****, use I or D."
"application_data.manage_map_action_issue"|"'ERROR at step ' || lp_step::TEXT || ' ERROR: ' || SQLERRM || ', SQLSTATE: ' || SQLSTATE"|"variable"|"ERROR at step **** ERROR: ****, SQLSTATE: ****"
"application_data.populate_ft_attendance"|"'ERROR: User ID and Fullname cannot be NULL.'"|"static"|"ERROR: User ID and Fullname cannot be NULL."
"application_data.populate_ft_attendance"|"'❌ Partition creation failed: ' || lp_partition_name || ' — ' || SQLERRM"|"variable"|"❌ Partition creation failed: **** — ****"
"application_data.populate_ft_attendance"|"'ERROR: ' || SQLERRM || ', SQLSTATE=' || SQLSTATE || ', Step=' || lp_step::TEXT"|"variable"|"ERROR: ****, SQLSTATE=****, Step=****"
"application_data.populate_ft_kpi_target"|"'ERROR: User ID and Fullname cannot be NULL.'"|"static"|"ERROR: User ID and Fullname cannot be NULL."
"application_data.populate_ft_kpi_target"|"'❌ Partition creation failed: ' || lp_partition_name || ' — ' || SQLERRM"|"variable"|"❌ Partition creation failed: **** — ****"
"application_data.populate_ft_kpi_target"|"'ERROR: ' || SQLERRM || ', SQLSTATE: ' || SQLSTATE || ', lp_step: ' || lp_step::TEXT"|"variable"|"ERROR: ****, SQLSTATE: ****, lp_step: ****"
"application_data.populate_ft_quality_fpy"|"'ERROR: User ID and Fullname cannot be NULL.'"|"static"|"ERROR: User ID and Fullname cannot be NULL."
"application_data.populate_ft_quality_fpy"|"'create_plant_partition(ft_quality) failed for plant_id=' || v_plant_rec.plant_id::TEXT || ': ' || SQLERRM"|"variable"|"create_plant_partition(ft_quality) failed for plant_id=****: ****"
"application_data.populate_ft_quality_fpy"|"'create_plant_partition(ft_kpi_target) failed for plant_id=' || v_plant_rec.plant_id::TEXT || ': ' || SQLERRM"|"variable"|"create_plant_partition(ft_kpi_target) failed for plant_id=****: ****"
"application_data.populate_ft_quality_fpy"|"'create_monthly_partition(ft_quality) failed for plant_id=' || v_plant_rec.plant_id::TEXT || ', ' || v_year::TEXT || '-' || lpad(v_month::TEXT, 2, '0') || ': ' || SQLERRM"|"variable"|"create_monthly_partition(ft_quality) failed for plant_id=****, ****-****: ****"
"application_data.populate_ft_quality_fpy"|"'create_monthly_partition(ft_kpi_target) failed for plant_id=' || v_plant_rec.plant_id::TEXT || ', ' || v_year::TEXT || '-' || lpad(v_month::TEXT, 2, '0') || ': ' || SQLERRM"|"variable"|"create_monthly_partition(ft_kpi_target) failed for plant_id=****, ****-****: ****"
"application_data.populate_ft_quality_fpy"|"'ERROR: ' || SQLERRM || ', SQLSTATE=' || SQLSTATE || ', step=' || lp_step::TEXT"|"variable"|"ERROR: ****, SQLSTATE=****, step=****"
"application_data.populate_ft_quality_fpy"|"RAISE EXCEPTION 'Timezone not found for plant_id %', p_plant_id::TEXT"|"variable"|"Timezone not found for plant_id ****"
"application_data.populate_ft_quality_fpy"|"'Skipping setup for table ' || table_rec.table_name || ': No suitable range column (day_id/target_date_iso) found.'"|"variable"|"Skipping setup for table ****: No suitable range column (day_id/target_date_iso) found."
"application_data.populate_ft_quality_fpy"|"'Error creating LIST partition for ' || table_rec.table_name || ': ' || msg"|"variable"|"Error creating LIST partition for ****: ****"
"application_data.populate_ft_quality_fpy"|"'Error creating Current Month partition for ' || table_rec.table_name || ': ' || msg"|"variable"|"Error creating Current Month partition for ****: ****"
"application_data.populate_ft_quality_fpy"|"'Error creating Next Month partition for ' || table_rec.table_name || ': ' || msg"|"variable"|"Error creating Next Month partition for ****: ****"
"application_data.populate_ft_quality_fpy"|"RAISE EXCEPTION 'ERROR: User ID and Fullname cannot be NULL'"|"static"|"ERROR: User ID and Fullname cannot be NULL"
"application_data.populate_ft_quality_fpy"|"RAISE EXCEPTION '❌ Plant code ""%"" not found', rec.plant"|"variable"|"❌ Plant code ""****"" not found"
"application_data.populate_ft_quality_fpy"|"RAISE EXCEPTION '❌ Line code ""%"" not found for plant_id=%', rec.line, v_plant_id"|"variable"|"❌ Line code ""****"" not found for plant_id=****"
"application_data.populate_ft_quality_fpy"|"RAISE EXCEPTION '❌ KPI ""%"" not found for plant_id=%', rec.kpi, v_plant_id"|"variable"|"❌ KPI ""****"" not found for plant_id=****"
"application_data.populate_ft_quality_fpy"|"RAISE EXCEPTION '❌ Tier ""%"" not found for plant_id=%', rec.tier,v_plant_id"|"variable"|"❌ Tier ""****"" not found for plant_id=****"
"application_data.populate_ft_quality_fpy"|"format('❌ Mapping error (import_id=%s): %s', rec.import_id, SQLERRM)"|"variable"|"❌ Mapping error (import_id=****): ****"
"application_data.populate_ft_quality_fpy"|"'ERROR INSIDE LOOP: ' || SQLERRM || ', SQLSTATE: ' || SQLSTATE || ', Step: ' || lp_step::TEXT || ', Record: [kpi: ' || rec.kpi || ', plant: ' || rec.plant || ', line: ' || rec.line || ', tier: ' || rec.tier || ', day: ' || rec.target_date_iso || ']'"|"variable"|"ERROR INSIDE LOOP: ****, SQLSTATE: ****, Step: ****, Record: [kpi: ****, plant: ****, line: ****, tier: ****, day: ****]"
"application_data.populate_ft_quality_fpy"|"format('⚠️ File %s partially processed. OK: %s, Expected: %s', p_file_id, v_successful_records, v_num_of_record_file)"|"variable"|"⚠️ File **** partially processed. OK: ****, Expected: ****"
"application_data.populate_ft_quality_fpy"|"'GENERAL ERROR: ' || SQLERRM || ', SQLSTATE: ' || SQLSTATE"|"variable"|"GENERAL ERROR: ****, SQLSTATE: ****"
"application_data.manage_assoc_module_line_tier_kpi"|"RAISE EXCEPTION 'ERROR: User ID and Fullname cannot be NULL.'"|"static"|"ERROR: User ID and Fullname cannot be NULL."
"application_data.manage_assoc_module_line_tier_kpi"|"RAISE EXCEPTION 'ERROR: Required fields for INSERT are missing'"|"static"|"ERROR: Required fields for INSERT are missing"
"application_data.manage_assoc_module_line_tier_kpi"|"'❌ setup_kpi_into_ft_kpi_target failed: ' || SQLERRM || ' | SQLSTATE: ' || SQLSTATE"|"variable"|"❌ setup_kpi_into_ft_kpi_target failed: **** | SQLSTATE: ****"
"application_data.manage_assoc_module_line_tier_kpi"|"RAISE EXCEPTION 'ERROR: Invalid operation_type'"|"static"|"ERROR: Invalid operation_type"
"application_data.manage_assoc_module_line_tier_kpi"|"'ERROR: ' || SQLERRM || ', SQLSTATE: ' || SQLSTATE || ', lp_step=' || lp_step::TEXT"|"variable"|"ERROR: ****, SQLSTATE: ****, lp_step=****"
"application_data.setup_kpi_into_ft_kpi_target"|"RAISE EXCEPTION 'User ID and Fullname cannot be NULL'"|"static"|"User ID and Fullname cannot be NULL"
"application_data.setup_kpi_into_ft_kpi_target"|"'❌ Partition creation failed for ' || lp_partition_name || ': ' || SQLERRM"|"variable"|"❌ Partition creation failed for ****: ****"
"application_data.setup_kpi_into_ft_kpi_target"|"'❌ Error populating KPI value from safety_cross for day_id=' || lp_day_id || ': ' || SQLERRM"|"variable"|"❌ Error populating KPI value from safety_cross for day_id=****: ****"
"application_data.setup_kpi_into_ft_kpi_target"|"'❌ ERROR: ' || SQLERRM || ', SQLSTATE: ' || SQLSTATE || ', step=' || lp_step"|"variable"|"❌ ERROR: ****, SQLSTATE: ****, step=****"
"application_data.setup_kpi_into_ft_kpi_target"|"'ERROR: ' || SQLERRM || ', SQLSTATE: ' || SQLSTATE"|"variable"|"ERROR: ****, SQLSTATE: ****"
"application_data.update_ft_kpi_target_from_safety_cross"|"'ERROR: ' || SQLERRM || ', SQLSTATE: ' || SQLSTATE"|"variable"|"ERROR: ****, SQLSTATE: ****"
"application_data.update_ft_kpi_target_from_safety_cross_tiered"|"'⚠️ Partition creation failed: ' || lp_partition_name || ' — ' || SQLERRM"|"variable"|"⚠️ Partition creation failed: **** — ****"
"application_data.update_ft_kpi_target_from_safety_cross_tiered"|"'❌ ERROR: ' || SQLERRM || ', SQLSTATE: ' || SQLSTATE"|"variable"|"❌ ERROR: ****, SQLSTATE: ****"
"application_data.update_ft_kpi_target_from_safety_cross_tiered"|"RAISE EXCEPTION 'User ID and Fullname cannot be NULL'"|"static"|"User ID and Fullname cannot be NULL"
"application_data.update_ft_kpi_target_from_safety_cross_tiered"|"RAISE EXCEPTION '❌ Plant code ""%"" not found', rec.plant"|"variable"|"❌ Plant code ""****"" not found"
"application_data.update_ft_kpi_target_from_safety_cross_tiered"|"RAISE EXCEPTION '❌ Line code ""%"" not found for plant_id=%', rec.line, v_plant_id"|"variable"|"❌ Line code ""****"" not found for plant_id=****"
"application_data.update_ft_kpi_target_from_safety_cross_tiered"|"RAISE EXCEPTION '❌ Safety category ""%"" not found for plant_id=%', rec.safety_category, v_plant_id"|"variable"|"❌ Safety category ""****"" not found for plant_id=****"
"application_data.update_ft_kpi_target_from_safety_cross_tiered"|"RAISE EXCEPTION '❌ Safety type ""%"" not found', rec.safety_type"|"variable"|"❌ Safety type ""****"" not found"
"application_data.update_ft_kpi_target_from_safety_cross_tiered"|"format('❌ Mapping error (import_id=%s): %s', rec.import_id, SQLERRM)"|"variable"|"❌ Mapping error (import_id=****): ****"
"application_data.update_ft_kpi_target_from_safety_cross_tiered"|"'⚠️ Partition creation failed: ' || v_partition_name || ' — ' || SQLERRM"|"variable"|"⚠️ Partition creation failed: **** — ****"
"application_data.update_ft_kpi_target_from_safety_cross_tiered"|"format('⚠️ File %s partially processed. OK: %s, Expected: %s', p_file_id, v_successful_records, v_num_of_record_file)"|"variable"|"⚠️ File **** partially processed. OK: ****, Expected: ****"
"application_data.update_ft_kpi_target_from_safety_cross_tiered"|"'💥 General error: ' || SQLERRM || ', SQLSTATE=' || SQLSTATE"|"variable"|"💥 General error: ****, SQLSTATE=****"
"application_data.manage_ft_pareto_data"|"RAISE EXCEPTION 'User ID and Fullname cannot be null'"|"static"|"User ID and Fullname cannot be null"
"application_data.manage_ft_pareto_data"|"RAISE EXCEPTION 'Invalid format for p_day: %', p_day"|"variable"|"Invalid format for p_day: ****"
"application_data.manage_ft_pareto_data"|"RAISE EXCEPTION 'Missing required fields for INSERT'"|"static"|"Missing required fields for INSERT"
"application_data.manage_ft_pareto_data"|"'❌ Partition creation failed: ' || lp_partition_name || ' — ' || SQLERRM"|"variable"|"❌ Partition creation failed: **** — ****"
"application_data.manage_ft_pareto_data"|"RAISE EXCEPTION 'pareto_data_id is required for UPDATE'"|"static"|"pareto_data_id is required for UPDATE"
"application_data.manage_ft_pareto_data"|"RAISE EXCEPTION 'Cannot update: record is not editable'"|"static"|"Cannot update: record is not editable"
"application_data.manage_ft_pareto_data"|"RAISE EXCEPTION 'Invalid operation_type'"|"static"|"Invalid operation_type"
"application_data.manage_ft_pareto_data"|"'ERROR: ' || SQLERRM || ' | SQLSTATE: ' || SQLSTATE || ' | step=' || lp_step"|"variable"|"ERROR: **** | SQLSTATE: **** | step=****"
"application_data.manage_ft_pareto_data"|"RAISE EXCEPTION 'ERROR: User ID and Fullname cannot be NULL'"|"static"|"ERROR: User ID and Fullname cannot be NULL"
"application_data.manage_ft_pareto_data"|"RAISE EXCEPTION '❌ Plant code ""%"" not found', rec.plant"|"variable"|"❌ Plant code ""****"" not found"
"application_data.manage_ft_pareto_data"|"RAISE EXCEPTION '❌ Line code ""%"" not found for plant_id=%', rec.line, v_plant_id"|"variable"|"❌ Line code ""****"" not found for plant_id=****"
"application_data.manage_ft_pareto_data"|"RAISE EXCEPTION '❌ KPI ""%"" not found for plant_id=%', rec.kpi, v_plant_id"|"variable"|"❌ KPI ""****"" not found for plant_id=****"
"application_data.manage_ft_pareto_data"|"RAISE EXCEPTION '❌ Tier ""%"" not found for plant_id=%', rec.tier,v_plant_id"|"variable"|"❌ Tier ""****"" not found for plant_id=****"
"application_data.manage_ft_pareto_data"|"format('❌ Mapping error (import_id=%s): %s', rec.import_id, SQLERRM)"|"variable"|"❌ Mapping error (import_id=****): ****"
"application_data.manage_ft_pareto_data"|"'UPDATE AFTER UNIQUE VIOLATION ERROR: ' || SQLERRM || ', SQLSTATE: ' || SQLSTATE"|"variable"|"UPDATE AFTER UNIQUE VIOLATION ERROR: ****, SQLSTATE: ****"
"application_data.manage_ft_pareto_data"|"'INSERT ERROR: ' || SQLERRM || ', SQLSTATE: ' || SQLSTATE"|"variable"|"INSERT ERROR: ****, SQLSTATE: ****"
"application_data.manage_ft_pareto_data"|"'ERROR INSIDE LOOP: ' || SQLERRM || ', SQLSTATE: ' || SQLSTATE || ', STEP=' || lp_step"|"variable"|"ERROR INSIDE LOOP: ****, SQLSTATE: ****, STEP=****"
"application_data.manage_ft_pareto_data"|"format('⚠️ File %s partially processed. OK: %s, Expected: %s', p_file_id, v_successful_records, v_num_of_record_file)"|"variable"|"⚠️ File **** partially processed. OK: ****, Expected: ****"
"application_data.manage_ft_pareto_data"|"'GENERAL ERROR: ' || SQLERRM || ', SQLSTATE: ' || SQLSTATE"|"variable"|"GENERAL ERROR: ****, SQLSTATE: ****"
"application_data.manage_ft_pareto_data"|"RAISE EXCEPTION 'Invalid JSON format: %', json_text"|"variable"|"Invalid JSON format: ****"
"application_data.manage_ft_pareto_data"|"RAISE EXCEPTION 'Missing ""actionItems"" key in JSON input: %', json_text"|"variable"|"Missing ""actionItems"" key in JSON input: ****"
"application_data.manage_ft_pareto_data"|"RAISE EXCEPTION 'Status ""To Do"" not found in kanban_statuses'"|"static"|"Status ""To Do"" not found in kanban_statuses"
"application_data.sp_shift_pattern_default"|"'NON-CRITICAL ALL → plant='||v_code||' → '||SQLERRM"|"variable"|"NON-CRITICAL ALL → plant=**** → ****"
"application_data.sp_shift_pattern_default"|"'CRITICAL ALL → plant='||v_code||' → '||SQLERRM"|"variable"|"CRITICAL ALL → plant=**** → ****"
"application_data.sp_shift_pattern_default"|"'GENERIC ALL → plant='||v_code||' → '||SQLERRM"|"variable"|"GENERIC ALL → plant=**** → ****"
"application_data.sp_shift_pattern_default"|"'NON-CRITICAL LIST → plant='||v_code||' → '||SQLERRM"|"variable"|"NON-CRITICAL LIST → plant=**** → ****"
"application_data.sp_shift_pattern_default"|"'CRITICAL LIST → plant='||v_code||' → '||SQLERRM"|"variable"|"CRITICAL LIST → plant=**** → ****"
"application_data.sp_shift_pattern_default"|"'GENERIC LIST → plant='||v_code||' → '||SQLERRM"|"variable"|"GENERIC LIST → plant=**** → ****"
"application_data.sp_shift_pattern_default"|"'NON-CRITICAL SINGLE → plant='||p_plant_code_list||' → '||SQLERRM"|"variable"|"NON-CRITICAL SINGLE → plant=**** → ****"
"application_data.sp_shift_pattern_default"|"'CRITICAL SINGLE → plant='||p_plant_code_list||' → '||SQLERRM"|"variable"|"CRITICAL SINGLE → plant=**** → ****"
"application_data.sp_shift_pattern_default"|"'GENERIC SINGLE → plant='||p_plant_code_list||' → '||SQLERRM"|"variable"|"GENERIC SINGLE → plant=**** → ****"
"application_data.sp_shift_pattern_default_single"|"'ERROR: User ID and Fullname cannot be NULL.'"|"static"|"ERROR: User ID and Fullname cannot be NULL."
"application_data.sp_shift_pattern_default_single"|"'ERROR: Plant with code ' || COALESCE(p_plant_code, 'NULL') || ' not found or not active.'"|"variable"|"ERROR: Plant with code **** not found or not active."
"application_data.sp_shift_pattern_default_single"|"'ERROR: ' || SQLERRM || ', SQLSTATE: ' || SQLSTATE || ', lp_step: ' || lp_step::text || ', p_plant_code: ' || COALESCE(p_plant_code, 'NULL')"|"variable"|"ERROR: ****, SQLSTATE: ****, lp_step: ****, p_plant_code: ****"
"application_data.sp_sync_lk_shift_from_calendar"|"RAISE EXCEPTION 'p_plant_id cannot be NULL'"|"static"|"p_plant_id cannot be NULL"
"application_data.sp_sync_lk_shift_from_calendar"|"RAISE EXCEPTION 'User info cannot be NULL'"|"static"|"User info cannot be NULL"
"application_data.sp_sync_lk_shift_from_calendar"|"RAISE EXCEPTION 'Invalid plant_id: %', p_plant_id"|"variable"|"Invalid plant_id: ****"
"application_data.sp_sync_lk_shift_from_calendar"|"'ERROR ['||lp_procedure_name||'] step='||lp_step|| ' plant_id='||p_plant_id|| ' msg='||SQLERRM||' state='||SQLSTATE"|"variable"|"ERROR [****] step=**** plant_id=**** msg=**** state=****"
"application_data.sp_sync_lk_shift_from_calendar"|"RAISE EXCEPTION 'Offset value is not valid: %', end_offset"|"variable"|"Offset value is not valid: ****"
"application_data.sp_master_shift_processing"|"'Skipping plant (No Timezone defined): ' || v_plant_code"|"variable"|"Skipping plant (No Timezone defined): ****"
"application_data.sp_master_shift_processing"|"'Invalid plant or No Timezone in list: '||v_plant_code"|"variable"|"Invalid plant or No Timezone in list: ****"
"application_data.sp_master_shift_processing"|"RAISE EXCEPTION 'Invalid plant_code or No Timezone: %', v_plant_code"|"variable"|"Invalid plant_code or No Timezone: ****"
"application_data.sp_master_shift_processing"|"'NON-CRITICAL in pattern_default → '||SQLERRM"|"variable"|"NON-CRITICAL in pattern_default → ****"
"application_data.sp_master_shift_processing"|"'CRITICAL in pattern_default → '||SQLERRM"|"variable"|"CRITICAL in pattern_default → ****"
"application_data.sp_master_shift_processing"|"'NON-CRITICAL in shift_manage → '||SQLERRM"|"variable"|"NON-CRITICAL in shift_manage → ****"
"application_data.sp_master_shift_processing"|"'CRITICAL in shift_manage → '||SQLERRM"|"variable"|"CRITICAL in shift_manage → ****"
"application_data.sp_master_shift_processing"|"'NON-CRITICAL in shift_calendar → '||SQLERRM"|"variable"|"NON-CRITICAL in shift_calendar → ****"
"application_data.sp_master_shift_processing"|"'CRITICAL in shift_calendar → '||SQLERRM"|"variable"|"CRITICAL in shift_calendar → ****"
"application_data.sp_shift_calendar"|"RAISE EXCEPTION 'Invalid interval unit: %. Allowed: days, weeks, months, years.', p_interval_unit"|"variable"|"Invalid interval unit: ****. Allowed: days, weeks, months, years."
"application_data.sp_shift_calendar"|"'NON-CRITICAL ALL → plant='||v_code||' → '||SQLERRM"|"variable"|"NON-CRITICAL ALL → plant=**** → ****"
"application_data.sp_shift_calendar"|"'CRITICAL ALL → plant='||v_code||' → '||SQLERRM"|"variable"|"CRITICAL ALL → plant=**** → ****"
"application_data.sp_shift_calendar"|"'GENERIC ALL → plant='||v_code||' → '||SQLERRM"|"variable"|"GENERIC ALL → plant=**** → ****"
"application_data.sp_shift_calendar"|"'NON-CRITICAL LIST → plant='||v_code||' → '||SQLERRM"|"variable"|"NON-CRITICAL LIST → plant=**** → ****"
"application_data.sp_shift_calendar"|"'CRITICAL LIST → plant='||v_code||' → '||SQLERRM"|"variable"|"CRITICAL LIST → plant=**** → ****"
"application_data.sp_shift_calendar"|"'GENERIC LIST → plant='||v_code||' → '||SQLERRM"|"variable"|"GENERIC LIST → plant=**** → ****"
"application_data.sp_shift_calendar"|"'NON-CRITICAL SINGLE → plant='||v_code||' → '||SQLERRM"|"variable"|"NON-CRITICAL SINGLE → plant=**** → ****"
"application_data.sp_shift_calendar"|"'CRITICAL SINGLE → plant='||v_code||' → '||SQLERRM"|"variable"|"CRITICAL SINGLE → plant=**** → ****"
"application_data.sp_shift_calendar"|"'GENERIC SINGLE → plant='||v_code||' → '||SQLERRM"|"variable"|"GENERIC SINGLE → plant=**** → ****"
"application_data.sp_shift_calendar_single"|"RAISE EXCEPTION 'User ID and Fullname cannot be NULL'"|"static"|"User ID and Fullname cannot be NULL"
"application_data.sp_shift_calendar_single"|"RAISE EXCEPTION 'Invalid plant_code: %', p_plant_code"|"variable"|"Invalid plant_code: ****"
"application_data.sp_shift_calendar_single"|"'ERROR: ' || SQLERRM || ', SQLSTATE: ' || SQLSTATE || ', lp_step: ' || lp_step"|"variable"|"ERROR: ****, SQLSTATE: ****, lp_step: ****"
"application_data.sp_shift_manage"|"'NON-CRITICAL ALL → plant='||v_code||' → '||SQLERRM"|"variable"|"NON-CRITICAL ALL → plant=**** → ****"
"application_data.sp_shift_manage"|"'CRITICAL ALL → plant='||v_code||' → '||SQLERRM"|"variable"|"CRITICAL ALL → plant=**** → ****"
"application_data.sp_shift_manage"|"'GENERIC ALL → plant='||v_code||' → '||SQLERRM"|"variable"|"GENERIC ALL → plant=**** → ****"
"application_data.sp_shift_manage"|"'NON-CRITICAL LIST → plant='||v_code||' → '||SQLERRM"|"variable"|"NON-CRITICAL LIST → plant=**** → ****"
"application_data.sp_shift_manage"|"'CRITICAL LIST → plant='||v_code||' → '||SQLERRM"|"variable"|"CRITICAL LIST → plant=**** → ****"
"application_data.sp_shift_manage"|"'GENERIC LIST → plant='||v_code||' → '||SQLERRM"|"variable"|"GENERIC LIST → plant=**** → ****"
"application_data.sp_shift_manage"|"'NON-CRITICAL SINGLE → plant='||p_plant_code_list||' → '||SQLERRM"|"variable"|"NON-CRITICAL SINGLE → plant=**** → ****"
"application_data.sp_shift_manage"|"'CRITICAL SINGLE → plant='||p_plant_code_list||' → '||SQLERRM"|"variable"|"CRITICAL SINGLE → plant=**** → ****"
"application_data.sp_shift_manage"|"'GENERIC SINGLE → plant='||p_plant_code_list||' → '||SQLERRM"|"variable"|"GENERIC SINGLE → plant=**** → ****"
"application_data.sp_shift_manage_single"|"RAISE EXCEPTION 'User ID or fullname cannot be NULL'"|"static"|"User ID or fullname cannot be NULL"
"application_data.sp_shift_manage_single"|"RAISE EXCEPTION 'Invalid plant_code: %', p_plant_code"|"variable"|"Invalid plant_code: ****"
"application_data.sp_shift_manage_single"|"'ERROR [' || lp_procedure_name || '] step=' || lp_step || ' plant=' || COALESCE(p_plant_code,'NULL') || ' msg=' || SQLERRM || ' state=' || SQLSTATE"|"variable"|"ERROR [****] step=**** plant=**** msg=**** state=****"
"application_data.manage_lk_non_production_days"|"'User fullname and ID cannot be null.'"|"static"|"User fullname and ID cannot be null."
"application_data.manage_lk_non_production_days"|"'Plant ID, Line ID, and Non-Working Date must be set.'"|"static"|"Plant ID, Line ID, and Non-Working Date must be set."
"application_data.manage_lk_non_production_days"|"'The line does not belong to the specified plant.'"|"static"|"The line does not belong to the specified plant."
"application_data.manage_lk_non_production_days"|"'Invalid operation type'"|"static"|"Invalid operation type"
"application_data.manage_lk_non_production_days"|"'ERROR: ' || SQLERRM || ', SQLSTATE: ' || SQLSTATE || ', Step: ' || lp_step::text || ', Input: [operation_type: ' || operation_type || ', p_non_production_id: ' || COALESCE(p_non_production_id::text, 'NULL') || ', p_plant_id: ' || COALESCE(p_plant_id::text, 'NULL') || ', p_line_id: ' || COALESCE(p_line_id::text, 'NULL') || ', p_non_working_id: ' || COALESCE(p_non_working_id::text, 'NULL') || ', p_reason: ' || COALESCE(p_reason, 'NULL') || ', p_is_holiday: ' || COALESCE(p_is_holiday::text, 'NULL') || ', p_is_scheduled_to_run: ' || COALESCE(p_is_scheduled_to_run::text, 'NULL') || ', p_is_no_working_day: ' || COALESCE(p_is_no_working_day::text, 'NULL') || ', p_user_id: ' || COALESCE(p_user_id::text, 'NULL') || ', p_user_fullname: ' || COALESCE(p_user_fullname, 'NULL') || ']'"|"variable"|"ERROR: ****, SQLSTATE: ****, Step: ****, Input: [operation_type: ****, p_non_production_id: ****, p_plant_id: ****, p_line_id: ****, p_non_working_id: ****, p_reason: ****, p_is_holiday: ****, p_is_scheduled_to_run: ****, p_is_no_working_day: ****, p_user_id: ****, p_user_fullname: ****]"
"application_data.manage_sh_line_pattern_default"|"RAISE EXCEPTION 'au_user_id CANNOT BE NULL'"|"static"|"au_user_id CANNOT BE NULL"
"application_data.manage_sh_line_pattern_default"|"RAISE EXCEPTION 'ERROR VALUES CANNOT BE NULL'"|"static"|"ERROR VALUES CANNOT BE NULL"
"application_data.manage_sh_line_pattern_default"|"RAISE EXCEPTION 'ERROR INVALID OPERATION_TYPE'"|"static"|"ERROR INVALID OPERATION_TYPE"
"application_data.manage_sh_line_pattern_default"|"'ERROR: ' || SQLERRM || ', SQLSTATE: ' || SQLSTATE || ', ' || 'Step: ' || step::text || ', ' || 'Input: [operation_type: ' || COALESCE(operation_type, 'NULL') || ', ' || 'p_plant_id: ' || COALESCE(p_plant_id::text, 'NULL') || ', ' || 'p_line_id: ' || COALESCE(p_line_id::text, 'NULL') || ', ' || 'p_pattern_id_1: ' || COALESCE(p_pattern_id_1::text, 'NULL') || ', ' || 'p_pattern_id_2: ' || COALESCE(p_pattern_id_2::text, 'NULL') || ', ' || 'p_pattern_id_3: ' || COALESCE(p_pattern_id_3::text, 'NULL') || ', ' || 'p_pattern_id_4: ' || COALESCE(p_pattern_id_4::text, 'NULL') || ', ' || 'p_pattern_id_5: ' || COALESCE(p_pattern_id_5::text, 'NULL') || ', ' || 'p_pattern_id_6: ' || COALESCE(p_pattern_id_6::text, 'NULL') || ', ' || 'p_pattern_id_7: ' || COALESCE(p_pattern_id_7::text, 'NULL') || ', ' || 'p_au_user_id: ' || COALESCE(p_au_user_id::text, 'NULL') || ', ' || 'au_change_ts: ' || COALESCE(timezone('UTC',current_timestamp)::text, 'NULL') || ', ' ||']'"|"variable"|"ERROR: ****, SQLSTATE: ****, Step: ****, Input: [operation_type: ****, p_plant_id: ****, p_line_id: ****, p_pattern_id_1: ****, p_pattern_id_2: ****, p_pattern_id_3: ****, p_pattern_id_4: ****, p_pattern_id_5: ****, p_pattern_id_6: ****, p_pattern_id_7: ****, p_au_user_id: ****, au_change_ts: ****, ]"
"application_data.manage_sh_lk_pattern"|"RAISE EXCEPTION 'au_user_id CANNOT BE NULL'"|"static"|"au_user_id CANNOT BE NULL"
"application_data.manage_sh_lk_pattern"|"RAISE EXCEPTION 'ERROR VALUES CANNOT BE NULL TO INSERT A NEW PATTERN'"|"static"|"ERROR VALUES CANNOT BE NULL TO INSERT A NEW PATTERN"
"application_data.manage_sh_lk_pattern"|"RAISE EXCEPTION 'ERROR IS_MODIFY CANNOT BE FALSE (ZERO)'"|"static"|"ERROR IS_MODIFY CANNOT BE FALSE (ZERO)"
"application_data.manage_sh_lk_pattern"|"RAISE EXCEPTION 'ERROR GIVEN PATTERN IS NULL'"|"static"|"ERROR GIVEN PATTERN IS NULL"
"application_data.manage_sh_lk_pattern"|"RAISE EXCEPTION 'ERROR INVALID OPERATION_TYPE'"|"static"|"ERROR INVALID OPERATION_TYPE"
"application_data.manage_sh_lk_pattern"|"'ERROR: ' || sqlerrm || ', SQLSTATE: ' || sqlstate || ', ' || 'Step: ' || step::text || ', ' || 'Input: [operation_type: ' || coalesce(operation_type, 'NULL') || ', ' || 'p_plant_id: ' || coalesce(p_plant_id::text, 'NULL') || ', ' || 'p_pattern_cd: ' || coalesce(p_pattern_cd::text, 'NULL') || ', ' || 'p_pattern_ds: ' || coalesce(p_pattern_ds::text, 'NULL') || ', ' || 'p_is_deleted: ' || coalesce(p_is_deleted::text, 'NULL') || ', ' || 'p_is_default: ' || coalesce(p_is_default::text, 'NULL') || ', ' || 'p_au_user_id: ' || coalesce(p_au_user_id::text, 'NULL') || ', ' || 'p_is_modify: ' || coalesce(p_is_modify::text, 'NULL') || ', ' || 'p_is_active: ' || coalesce(p_is_active::text, 'NULL') || ', ' || 'au_change_ts: ' || coalesce(timezone('UTC', current_timestamp)::text, 'NULL') || ', ' || ']'"|"variable"|"ERROR: ****, SQLSTATE: ****, Step: ****, Input: [operation_type: ****, p_plant_id: ****, p_pattern_cd: ****, p_pattern_ds: ****, p_is_deleted: ****, p_is_default: ****, p_au_user_id: ****, p_is_modify: ****, p_is_active: ****, au_change_ts: ****, ]"
"application_data.manage_shift_definition"|"RAISE EXCEPTION 'au_user_id CANNOT BE NULL'"|"static"|"au_user_id CANNOT BE NULL"
"application_data.manage_shift_definition"|"RAISE EXCEPTION 'VALUES CANNOT BE NULL TO INSERT A NEW SHIFT_DEFINITION'"|"static"|"VALUES CANNOT BE NULL TO INSERT A NEW SHIFT_DEFINITION"
"application_data.manage_shift_definition"|"RAISE EXCEPTION 'VALUES CANNOT BE NULL TO UPDATE A SHIFT_DEFINITION'"|"static"|"VALUES CANNOT BE NULL TO UPDATE A SHIFT_DEFINITION"
"application_data.manage_shift_definition"|"RAISE EXCEPTION 'ERROR INVALID OPERATION_TYPE'"|"static"|"ERROR INVALID OPERATION_TYPE"
"application_data.manage_shift_definition"|"'ERROR: ' || SQLERRM || ', SQLSTATE: ' || SQLSTATE || ', ' || 'Step: ' || step::text || ', ' || 'Input: [operation_type: ' || operation_type || ', ' || 'p_plant_id: ' || COALESCE(p_plant_id::text, 'NULL') || ', ' || 'p_shift_def_id: ' || COALESCE(p_shift_def_id::text, 'NULL') || ', ' || 'pp_shift_def_cd: ' || COALESCE(pp_shift_def_cd, 'NULL') || ', ' || 'p_shift_def_short_cd: ' || COALESCE(p_shift_def_short_cd, 'NULL') || ', ' || 'p_shift_def_ds: ' || COALESCE(p_shift_def_ds, 'NULL') || ', ' || 'p_start_time_desc: ' || COALESCE(p_start_time_desc, 'NULL') || ', ' || 'p_start_time_offset: ' || COALESCE(p_start_time_offset::text, 'NULL') || ', ' || 'p_end_time_desc: ' || COALESCE(p_end_time_desc, 'NULL') || ', ' || 'p_end_time_offset: ' || COALESCE(p_end_time_offset::text, 'NULL') || ', ' || 'pp_duration: ' || COALESCE(pp_duration::text, 'NULL') || ', ' || 'p_au_user_id: ' || COALESCE(p_au_user_id::text, 'NULL') || ']'"|"variable"|"ERROR: ****, SQLSTATE: ****, Step: ****, Input: [operation_type: ****, p_plant_id: ****, p_shift_def_id: ****, pp_shift_def_cd: ****, p_shift_def_short_cd: ****, p_shift_def_ds: ****, p_start_time_desc: ****, p_start_time_offset: ****, p_end_time_desc: ****, p_end_time_offset: ****, pp_duration: ****, p_au_user_id: ****]"
"application_data.log_error_write"|"p_error_msg"|"variable"|"****"
"application_data.manage_target"|"'ERROR: User ID and Fullname cannot be NULL.'"|"static"|"ERROR: User ID and Fullname cannot be NULL."
"application_data.manage_target"|"'ERROR: ' || SQLERRM || ', SQLSTATE: ' || SQLSTATE || ', Step: ' || lp_step::TEXT"|"variable"|"ERROR: ****, SQLSTATE: ****, Step: ****"
